req_id,requirement_text,stakeholder_priority,change_frequency,historical_defects
R1,The system shall create a manifest by specifying an origin location and a trailer or bay number.,5,2,1
R2,The system shall assign each manifest a unique identifier upon creation.,4,1,0
R3,"The system shall automatically populate a new manifest with commonly used items for that location, initialized at zero quantity.",3,2,1
R4,The system shall timestamp every manifest state change to maintain a history.,3,1,0
R5,The system shall allow adding an item and quantity to a manifest in the Building state.,5,3,2
R6,The system shall allow removing an item from a manifest in the Building state.,4,3,1
R7,The system shall transition a manifest from Building to Ready when marked ready by a manager.,4,2,1
R8,The system shall revert a manifest from Ready to Building state if its quantity is edited.,3,1,2
R9,The system shall require a driver to add or confirm a destination before accepting a Ready manifest.,4,1,1
R10,The system shall allow a receiver to update quantities and mark an Accepted manifest as Received.,5,2,2
R11,The system shall prevent editing of a manifest once it is in the Received state.,5,1,3
R12,"The system shall provide search-as-you-type filtering for locations, trailers, and item types.",2,2,0
R13,The system shall display a user-friendly retry message instead of a generic error when network access is unavailable.,4,1,2
R14,"The system shall process rapid, repeated increment-button clicks correctly without UI lag.",3,1,1
